keystone_influence,time_to_30
0.0,11
0.05,5
0.1,3
0.15000000000000002,2
0.2,2
0.25,1
0.30000000000000004,1
0.35000000000000003,1
0.4,1
